ID,NAME,SUB
ID003,NAME3,SUB003
ID005,NAME5,SUB005
ID007,NAME7,SUB007
ID008,NAME8,SUB008
ID011,NAME11,SUB011
ID013,NAME13,SUB013
ID014,NAME14,SUB014
ID015,NAME15,SUB015
ID017,NAME17,SUB017
ID018,NAME18,SUB018
ID019,NAME19,SUB019
ID020,NAME20,SUB020
ID022,NAME22,SUB022
ID026,NAME26,SUB026
ID029,NAME29,SUB029
ID030,NAME30,SUB030
ID031,NAME31,SUB031
ID034,NAME34,SUB034
ID035,NAME35,SUB035
ID036,NAME36,SUB036
ID038,NAME38,SUB038
ID040,NAME40,SUB040
ID041,NAME41,SUB041
ID042,NAME42,SUB042
ID044,NAME44,SUB044
ID046,NAME46,SUB046
ID047,NAME47,SUB047
ID048,NAME48,SUB048
ID049,NAME49,SUB049
ID050,NAME50,SUB050
ID053,NAME53,SUB053
ID054,NAME54,SUB054
ID055,NAME55,SUB055
ID058,NAME58,SUB058
ID059,NAME59,SUB059
ID060,NAME60,SUB060
ID062,NAME62,SUB062
ID063,NAME63,SUB063
ID064,NAME64,SUB064
ID065,NAME65,SUB065
ID066,NAME66,SUB066
ID067,NAME67,SUB067
ID068,NAME68,SUB068
ID069,NAME69,SUB069
ID071,NAME71,SUB071
ID074,NAME74,SUB074
ID075,NAME75,SUB075
